id,issue
bestmuscat:restaurant:spicy-village,no_photo
bestmuscat:restaurant:meknas,no_photo
bestmuscat:restaurant:pizza-hut,no_photo
bestmuscat:restaurant:pizza-hut,no_photo
bestmuscat:restaurant:the-lazy-lizard,no_photo
bestmuscat:restaurant:al-deyar,no_photo
bestmuscat:restaurant:serai-pool-restaurant,no_photo
bestmuscat:restaurant:ocean-restaurant,no_photo
bestmuscat:restaurant:automatic-restaurant,no_photo
bestmuscat:restaurant:nando-s,no_photo
bestmuscat:restaurant:pizza-hut,missing_address
bestmuscat:restaurant:pizza-hut,no_photo
bestmuscat:restaurant:bollywood,no_photo
bestmuscat:restaurant:d-arcy-s-kitchen,no_photo
bestmuscat:restaurant:spicy-village,no_photo
bestmuscat:restaurant:pizza-hut,no_photo
bestmuscat:restaurant:pavo-real,no_photo
bestmuscat:restaurant:mckenny-s,no_photo
bestmuscat:restaurant:spicy-village,no_photo
bestmuscat:restaurant:bellapais,no_photo
bestmuscat:restaurant:tapas,missing_address
bestmuscat:restaurant:tapas,no_photo
bestmuscat:restaurant:capri-court,missing_address
bestmuscat:restaurant:capri-court,no_photo
bestmuscat:restaurant:bait-al-bahr,missing_address
bestmuscat:restaurant:bait-al-bahr,no_photo
bestmuscat:restaurant:saravana-bhavan-restaurant,no_photo
bestmuscat:restaurant:papa-john-pizza,no_photo
bestmuscat:restaurant:arab-world-restaurant,no_photo
bestmuscat:restaurant:waterwheel-restaurant,no_photo
bestmuscat:restaurant:citrus-cafe-turkish,no_photo
bestmuscat:restaurant:mt-m-lsdf-lyrny,no_photo
bestmuscat:restaurant:mt-m-smky,no_photo
bestmuscat:restaurant:grill-house-restaurant,no_photo
bestmuscat:restaurant:pizza-hut,no_photo
bestmuscat:restaurant:mt-m,no_photo
bestmuscat:restaurant:rooster-cafe,no_photo
bestmuscat:restaurant:best-burger,no_photo
bestmuscat:restaurant:pizza-inn,no_photo
bestmuscat:restaurant:mt-m-lyly-l-thmny,missing_address
bestmuscat:restaurant:mt-m-lyly-l-thmny,no_photo
bestmuscat:restaurant:royal,no_photo
bestmuscat:restaurant:la-brasserie-restaurant,no_photo
bestmuscat:restaurant:360,no_photo
bestmuscat:restaurant:al-hawas,no_photo
bestmuscat:restaurant:tk-bhryny,missing_address
bestmuscat:restaurant:tk-bhryny,no_photo
bestmuscat:restaurant:pizza-hut-delivery-service,no_photo
bestmuscat:restaurant:slymn-bsh-ltrky,missing_address
bestmuscat:restaurant:slymn-bsh-ltrky,no_photo
bestmuscat:restaurant:mt-m-ljwd-llbnny,no_photo
bestmuscat:restaurant:mt-m-lshw-l-lmy,missing_address
bestmuscat:restaurant:mt-m-lshw-l-lmy,no_photo
bestmuscat:restaurant:pizza-italiano,no_photo
bestmuscat:restaurant:yumyum,no_photo
bestmuscat:restaurant:eastern-olive-cafe,no_photo
bestmuscat:restaurant:italiano,no_photo
bestmuscat:restaurant:omar-al-khayyam-restaurant,no_photo
bestmuscat:restaurant:china-town,no_photo
bestmuscat:restaurant:barbeque-nation,no_photo
bestmuscat:restaurant:grill-house-co-restaurant,no_photo
bestmuscat:restaurant:annab,no_photo
bestmuscat:restaurant:caviar-restaurant,no_photo
bestmuscat:restaurant:shandiz,missing_address
bestmuscat:restaurant:shandiz,no_photo
bestmuscat:restaurant:omani-house,no_photo
bestmuscat:restaurant:rasui-restaurant,no_photo
bestmuscat:restaurant:spice-island-restaurent,no_photo
bestmuscat:restaurant:bin-ateeq-restaurant-for-omani-food,no_photo
bestmuscat:restaurant:golden-spoon,no_photo
bestmuscat:restaurant:pizza-hut,no_photo
bestmuscat:restaurant:automatic-restaurant,no_photo
bestmuscat:restaurant:bread-talk,no_photo
bestmuscat:restaurant:volare-pizzeria,no_photo
bestmuscat:restaurant:love-at-first-bite,no_photo
bestmuscat:restaurant:doganza,no_photo
bestmuscat:restaurant:fat-burger,no_photo
bestmuscat:restaurant:pizza-hut,no_photo
bestmuscat:restaurant:hyderabadi-special-food,no_photo
bestmuscat:restaurant:shang-thai,no_photo
bestmuscat:restaurant:shakespeare-and-co-cafe-restaurant-and-chocolate,no_photo
bestmuscat:restaurant:rose-garden,no_photo
bestmuscat:restaurant:al-zaika-al-sahiya-restaurant,no_photo
bestmuscat:restaurant:968-the-food-studio,no_photo
bestmuscat:restaurant:turkish-diwan,no_photo
bestmuscat:restaurant:china-palace-restaurant,no_photo
bestmuscat:restaurant:old-turkish-grill,no_photo
bestmuscat:restaurant:turkish-house-fish-grill,no_photo
bestmuscat:restaurant:ubhar,no_photo
bestmuscat:restaurant:civil-aviation-authority-club-house,no_photo
bestmuscat:restaurant:pizza-hut,no_photo
bestmuscat:restaurant:al-baha-restaurant,no_photo
bestmuscat:restaurant:shararah-restaurant,no_photo
bestmuscat:restaurant:1947-an-indian-restaurant,no_photo
bestmuscat:restaurant:golden-oryx,no_photo
bestmuscat:restaurant:kamat-restaurant,no_photo
bestmuscat:restaurant:daawat,no_photo
bestmuscat:restaurant:meerath-restaurant,no_photo
bestmuscat:restaurant:the-jungle,no_photo
bestmuscat:restaurant:grill-house,no_photo
bestmuscat:restaurant:al-mandoos-restaurant,no_photo
bestmuscat:restaurant:the-chocolate-room,no_photo
bestmuscat:restaurant:copper-chimney,no_photo
bestmuscat:restaurant:kesar-vegetarian-restaurant,no_photo
bestmuscat:restaurant:relish,no_photo
bestmuscat:restaurant:lyali-beach-restaurant,no_photo
bestmuscat:restaurant:al-aktham-restaurant,no_photo
bestmuscat:restaurant:begum-s,no_photo
bestmuscat:restaurant:mandi-plate,no_photo
bestmuscat:restaurant:slider-station,no_photo
bestmuscat:restaurant:mumbai-chennai-express,no_photo
bestmuscat:restaurant:mt-m-ndy-sbys,no_photo
bestmuscat:restaurant:persepolis,no_photo
bestmuscat:restaurant:begum-s,no_photo
bestmuscat:restaurant:spicy-village-restaurant,no_photo
bestmuscat:restaurant:soha-restaurant,no_photo
bestmuscat:restaurant:al-angham,no_photo
bestmuscat:restaurant:chefs-inn-restaurant,no_photo
bestmuscat:restaurant:iraqi-house,no_photo
bestmuscat:restaurant:chicking-fried-chicken,no_photo
bestmuscat:restaurant:venus,no_photo
bestmuscat:restaurant:hot-plate,no_photo
bestmuscat:restaurant:mt-m-mmtz-mhl,missing_address
bestmuscat:restaurant:mt-m-mmtz-mhl,no_photo
bestmuscat:restaurant:mt-m-lmyd,missing_address
bestmuscat:restaurant:mt-m-lmyd,no_photo
bestmuscat:restaurant:mt-m-lrwsh,missing_address
bestmuscat:restaurant:mt-m-lrwsh,no_photo
bestmuscat:restaurant:saqar-karak-teao,no_photo
bestmuscat:restaurant:the-jungle,no_photo
bestmuscat:restaurant:the-jungle,missing_address
bestmuscat:restaurant:the-jungle,no_photo
bestmuscat:restaurant:zahr-el-laymoun,no_photo
bestmuscat:restaurant:chez-sushi,no_photo
bestmuscat:restaurant:the-yellow-chilli,no_photo
bestmuscat:restaurant:al-fadi-restaurant,no_photo
bestmuscat:restaurant:thai-corner,no_photo
bestmuscat:restaurant:al-zaitoun,no_photo
bestmuscat:restaurant:mt-m-sdf-lyrny,no_photo
bestmuscat:restaurant:paprika-restaurant,no_photo
bestmuscat:restaurant:mt-m-lkwkh-ltrky,missing_address
bestmuscat:restaurant:mt-m-lkwkh-ltrky,no_photo
bestmuscat:restaurant:mt-m-bw-lfrwq,missing_address
bestmuscat:restaurant:mt-m-bw-lfrwq,no_photo
bestmuscat:restaurant:pizza-hut,no_photo
bestmuscat:restaurant:mtr,no_photo
bestmuscat:restaurant:rfc,no_photo
bestmuscat:restaurant:mt-m-lrnb-ljy,missing_address
bestmuscat:restaurant:mt-m-lrnb-ljy,no_photo
bestmuscat:restaurant:mt-m-ltrky,no_photo
bestmuscat:restaurant:mt-m,missing_address
bestmuscat:restaurant:mt-m,no_photo
bestmuscat:restaurant:mani-s-oman-qurum,no_photo
bestmuscat:restaurant:glacier-cafe,no_photo
bestmuscat:restaurant:mt-m-ljzyr-lwlym-l-rs,no_photo
bestmuscat:restaurant:mt-m-lbkstny,no_photo
bestmuscat:restaurant:savannah-bbq,missing_address
bestmuscat:restaurant:savannah-bbq,no_photo
bestmuscat:restaurant:ttt,missing_address
bestmuscat:restaurant:ttt,no_photo
bestmuscat:restaurant:bait-al-luban,missing_address
bestmuscat:restaurant:khyber,no_photo
bestmuscat:restaurant:bin-ateeq-restaurant,no_photo
bestmuscat:restaurant:blue-marlin,no_photo
bestmuscat:restaurant:nando-s,no_photo
bestmuscat:restaurant:mt-m-ljnyn,no_photo
bestmuscat:restaurant:mt-m-lstnbwly,missing_address
bestmuscat:restaurant:mt-m-lstnbwly,no_photo
bestmuscat:restaurant:mt-m-rfywly,no_photo
bestmuscat:restaurant:mt-m-lrwsh,no_photo
bestmuscat:restaurant:cafe-bateel,no_photo
bestmuscat:restaurant:mt-m,no_photo
bestmuscat:restaurant:mt-m-bhr-lnrjyl-znjbry,missing_address
bestmuscat:restaurant:mt-m-bhr-lnrjyl-znjbry,no_photo
bestmuscat:restaurant:njwm-thlth,missing_address
bestmuscat:restaurant:njwm-thlth,no_photo
bestmuscat:restaurant:mkdwnlz,missing_address
bestmuscat:restaurant:mkdwnlz,no_photo
bestmuscat:restaurant:ljhlh-ltrky,missing_address
bestmuscat:restaurant:ljhlh-ltrky,no_photo
bestmuscat:restaurant:bait-fairuz,no_photo
bestmuscat:restaurant:kebab-house,no_photo
bestmuscat:restaurant:felfela-muscat,missing_address
bestmuscat:restaurant:felfela-muscat,no_photo
bestmuscat:restaurant:jollibee,no_photo
bestmuscat:restaurant:restaurant-afnan,no_photo
bestmuscat:restaurant:irani-house-restaurant,no_photo
bestmuscat:restaurant:delma-restaurant,no_photo
bestmuscat:restaurant:al-khodi-restaurant,no_photo
bestmuscat:restaurant:turkish-cafeteria,no_photo
bestmuscat:restaurant:pizza-muscat,no_photo
bestmuscat:restaurant:coffee-shop-grill,no_photo
bestmuscat:restaurant:restaurant-coffee-shop,no_photo
bestmuscat:restaurant:al-hooti-restaurant-markets,no_photo
bestmuscat:restaurant:al-zafran-house,no_photo
bestmuscat:restaurant:mt-m-smd-l-rqy,no_photo
bestmuscat:restaurant:grill-house-co-l-l-c,no_photo
bestmuscat:restaurant:iranian-sweets,no_photo
bestmuscat:restaurant:annalakshmi-restaurant,missing_address
bestmuscat:restaurant:annalakshmi-restaurant,no_photo
bestmuscat:restaurant:lemongrass,no_photo
bestmuscat:restaurant:kobe-sizzlers,no_photo
bestmuscat:restaurant:eat-smart,no_photo
bestmuscat:restaurant:pizza-hut,no_photo
bestmuscat:restaurant:tasty-chicken,no_photo
bestmuscat:restaurant:the-nawabs,no_photo
bestmuscat:restaurant:chandni-chowk,no_photo
bestmuscat:restaurant:momos-noodles-shop,no_photo
bestmuscat:restaurant:pizza-hut,no_photo
bestmuscat:restaurant:chicking,no_photo
bestmuscat:restaurant:restaurant-coffee-shop,no_photo
bestmuscat:restaurant:eat-smart,no_photo
bestmuscat:restaurant:pizza-muscat,no_photo
bestmuscat:restaurant:tabaq,no_photo
bestmuscat:restaurant:highest-mountain,no_photo
bestmuscat:restaurant:al-mande-corner-restaurant,no_photo
bestmuscat:restaurant:al-safadi-restaurant,no_photo
bestmuscat:restaurant:reveal,no_photo
bestmuscat:restaurant:turkish-house-restaurant,no_photo
bestmuscat:restaurant:pinoy-chix,no_photo
bestmuscat:restaurant:modern-green-house-restaurant,no_photo
bestmuscat:restaurant:al-alami,no_photo
bestmuscat:restaurant:beit-al-medyaf,no_photo
bestmuscat:restaurant:restaurant-coffee-shop,missing_address
bestmuscat:restaurant:restaurant-coffee-shop,no_photo
bestmuscat:restaurant:european-kitchen,no_photo
bestmuscat:restaurant:al-fawan-restaurant,no_photo
bestmuscat:restaurant:sultans-grills-shakes,no_photo
bestmuscat:restaurant:doganza,no_photo
bestmuscat:restaurant:rawazen-restaurant,missing_address
bestmuscat:restaurant:rawazen-restaurant,no_photo
bestmuscat:restaurant:rawabi-al-sharqiya-restaurant,no_photo
bestmuscat:restaurant:grill,no_photo
bestmuscat:restaurant:bistro-64,no_photo
bestmuscat:restaurant:cherry-bistro,no_photo
bestmuscat:restaurant:arax,no_photo
bestmuscat:restaurant:barbeque-nation,no_photo
bestmuscat:restaurant:aldyafa-for-omani-food,no_photo
bestmuscat:restaurant:al-khaleej-al-arabi,no_photo
bestmuscat:restaurant:marina-restaurant,no_photo
bestmuscat:restaurant:sama-a-sarooj,no_photo
bestmuscat:restaurant:al-ziza-restaurant,no_photo
bestmuscat:restaurant:blueberry,no_photo
bestmuscat:restaurant:bin-khumairi,no_photo
bestmuscat:restaurant:pure-food,no_photo
bestmuscat:restaurant:costa,no_photo
bestmuscat:restaurant:kamat,no_photo
bestmuscat:restaurant:dar-al-ozooma,no_photo
bestmuscat:restaurant:rafat-grills,no_photo
bestmuscat:restaurant:tasty-restaurant,no_photo
bestmuscat:restaurant:nahdat-ruwi-company-restaurant,no_photo
bestmuscat:restaurant:love-that-burger,no_photo
bestmuscat:restaurant:pizza-hut,no_photo
bestmuscat:restaurant:castle-restaurant,no_photo
bestmuscat:restaurant:nizam-restaurant,no_photo
bestmuscat:restaurant:doner-kabab,no_photo
bestmuscat:restaurant:chez-sushi,no_photo
bestmuscat:restaurant:omar-al-khayyam-restaurant,no_photo
bestmuscat:restaurant:waheed-restaurant,no_photo
bestmuscat:restaurant:kingdom-of-mandi,no_photo
bestmuscat:restaurant:steak-and-burger-factory,no_photo
bestmuscat:restaurant:noor-mahal-restaurant,no_photo
bestmuscat:restaurant:al-iraqi-house,no_photo
bestmuscat:restaurant:maitham-mohammed-restaurant,no_photo
bestmuscat:restaurant:tiger-home-restaurant,no_photo
bestmuscat:restaurant:the-indian-s-delight,no_photo
bestmuscat:restaurant:urban-deli,no_photo
bestmuscat:restaurant:four-squares-restaurant,no_photo
bestmuscat:restaurant:maydanos,no_photo
bestmuscat:restaurant:kanari-restaurant,no_photo
bestmuscat:restaurant:al-falafil-restaurant,no_photo
bestmuscat:restaurant:nawras-al-madina-trading-restaurant,no_photo
bestmuscat:restaurant:ferdos-aden-restaurant,no_photo
bestmuscat:restaurant:mt-m-str-wf-kwshyn-wq-lhflt,no_photo
bestmuscat:restaurant:oman-express-supplies-restaurant,no_photo
bestmuscat:restaurant:bora-bora,no_photo
bestmuscat:restaurant:restaurant-coffee-shop,no_photo
bestmuscat:restaurant:al-haikal-restaurant,no_photo
bestmuscat:restaurant:restaurant-sweets,no_photo
bestmuscat:restaurant:al-waseem-restaurant,no_photo
bestmuscat:restaurant:horizon-restaurant,no_photo
bestmuscat:restaurant:coffee-shop-grill,no_photo
bestmuscat:restaurant:al-failaq,no_photo
bestmuscat:restaurant:al-sahba,no_photo
bestmuscat:restaurant:pizza-hut,no_photo
bestmuscat:restaurant:yasir-broast-restaurant,no_photo
bestmuscat:restaurant:al-hamour-restaurant-coffee-shop,no_photo
bestmuscat:restaurant:mra-restaurant,no_photo
bestmuscat:restaurant:feast-at-east,no_photo
bestmuscat:restaurant:ashjan-ruwi,no_photo
bestmuscat:restaurant:zanzibar-grill-food,no_photo
bestmuscat:restaurant:big-grills,no_photo
bestmuscat:restaurant:outer-space-restaurant,no_photo
bestmuscat:restaurant:hot-burger,no_photo
bestmuscat:restaurant:bait-al-sahil,no_photo
bestmuscat:restaurant:luthar,no_photo
bestmuscat:restaurant:samia-restaurant-coffee-shop,no_photo
bestmuscat:restaurant:tai-burger,no_photo
bestmuscat:restaurant:al-mishmish-restaurant,no_photo
bestmuscat:restaurant:grill-bbq,no_photo
bestmuscat:restaurant:al-exandria-restaurant,no_photo
bestmuscat:restaurant:divine-restaurant,no_photo
bestmuscat:restaurant:alfireeg-grill,no_photo
bestmuscat:restaurant:city-linds-grill-fatayer,no_photo
bestmuscat:restaurant:black-white-restaurant,no_photo
bestmuscat:restaurant:afternoon,no_photo
bestmuscat:restaurant:city-burger,no_photo
bestmuscat:restaurant:maryam-al-fauri-restaurant,no_photo
bestmuscat:restaurant:city-tower-grill,no_photo
bestmuscat:restaurant:al-rafee-restaurant,no_photo
bestmuscat:restaurant:mumbai-masti-restaurant,no_photo
bestmuscat:restaurant:fishers-grilled,no_photo
bestmuscat:restaurant:al-shami-dish,no_photo
bestmuscat:restaurant:flames,no_photo
bestmuscat:restaurant:palm-restaurant,no_photo
bestmuscat:restaurant:ananthapuri,no_photo
bestmuscat:restaurant:hot-pot,no_photo
bestmuscat:restaurant:chinese-food,no_photo
bestmuscat:restaurant:pizza-muscat-restaurant,no_photo
bestmuscat:restaurant:mezza-house,no_photo
bestmuscat:restaurant:burger,no_photo
bestmuscat:restaurant:shams-restaurant,no_photo
bestmuscat:restaurant:mt-m-ltwmtyk,missing_address
bestmuscat:restaurant:mt-m-ltwmtyk,no_photo
bestmuscat:restaurant:mt-m-mmbs,no_photo
bestmuscat:restaurant:mt-m-rjn,no_photo
bestmuscat:restaurant:mt-m-lkhdr,missing_address
bestmuscat:restaurant:mt-m-lkhdr,no_photo
bestmuscat:restaurant:hz,no_photo
bestmuscat:restaurant:mt-m-qsr-ljdd,missing_address
bestmuscat:restaurant:mt-m-qsr-ljdd,no_photo
bestmuscat:restaurant:nnz,missing_address
bestmuscat:restaurant:nnz,no_photo
bestmuscat:restaurant:lryf-rstwrn,missing_address
bestmuscat:restaurant:lryf-rstwrn,no_photo
bestmuscat:restaurant:mqh-wmt-m-ldyr,missing_address
bestmuscat:restaurant:mqh-wmt-m-ldyr,no_photo
bestmuscat:restaurant:mt-m-bn-tyq-msqt,no_photo
bestmuscat:restaurant:mt-m-lmdhq-lzfry,no_photo
bestmuscat:restaurant:lrd-llbn,missing_address
bestmuscat:restaurant:lrd-llbn,no_photo
bestmuscat:restaurant:myr-mndy,missing_address
bestmuscat:restaurant:myr-mndy,no_photo
bestmuscat:restaurant:qsr-lkbb-lfgny,no_photo
bestmuscat:restaurant:bab-tuma,missing_address
bestmuscat:restaurant:bab-tuma,no_photo
bestmuscat:restaurant:mt-m-lfwn,missing_address
bestmuscat:restaurant:mt-m-lfwn,no_photo
bestmuscat:restaurant:mt-m-fwd-bwk,missing_address
bestmuscat:restaurant:mt-m-fwd-bwk,no_photo
bestmuscat:restaurant:lsywy,missing_address
bestmuscat:restaurant:lsywy,no_photo
bestmuscat:restaurant:qry-lmshkyk-mqhy-lmyr,missing_address
bestmuscat:restaurant:qry-lmshkyk-mqhy-lmyr,no_photo
bestmuscat:restaurant:lmys,missing_address
bestmuscat:restaurant:lmys,no_photo
bestmuscat:restaurant:byt-fyrwz,missing_address
bestmuscat:restaurant:byt-fyrwz,no_photo
bestmuscat:restaurant:gokul-vegetarian-restaurant,missing_address
bestmuscat:restaurant:gokul-vegetarian-restaurant,no_photo
bestmuscat:restaurant:b-f,no_photo
bestmuscat:restaurant:izmir-restaurant,no_photo
bestmuscat:restaurant:al-mandoos,no_photo
bestmuscat:restaurant:the-taste-of-india,no_photo
bestmuscat:restaurant:mshtr-shwrm,missing_address
bestmuscat:restaurant:mshtr-shwrm,no_photo
bestmuscat:restaurant:the-turkish-house,no_photo
bestmuscat:restaurant:charm-thai,no_photo
bestmuscat:restaurant:hamoir-al-khaleej-restaurant,missing_address
bestmuscat:restaurant:hamoir-al-khaleej-restaurant,no_photo
bestmuscat:restaurant:wagamama,no_photo
bestmuscat:restaurant:solo-taco,no_photo
bestmuscat:restaurant:park-burger,no_photo
bestmuscat:restaurant:mt-m-rfyl,no_photo
bestmuscat:restaurant:takara,missing_address
bestmuscat:restaurant:takara,no_photo
bestmuscat:restaurant:meerath-famous-restaurant,missing_address
bestmuscat:restaurant:meerath-famous-restaurant,no_photo
bestmuscat:restaurant:indian-fine-dining,no_photo
bestmuscat:restaurant:bait-al-mandi-restaurant,no_photo
bestmuscat:restaurant:khzn-llmkwlt,no_photo
bestmuscat:restaurant:al-amira,no_photo
bestmuscat:restaurant:africans-food,no_photo
bestmuscat:restaurant:juice-shop,missing_address
bestmuscat:restaurant:juice-shop,no_photo
bestmuscat:restaurant:mt-m-lrwzn-lsh-by,missing_address
bestmuscat:restaurant:mt-m-lrwzn-lsh-by,no_photo
bestmuscat:restaurant:mt-m-wfrn-msqt,missing_address
bestmuscat:restaurant:mt-m-wfrn-msqt,no_photo
bestmuscat:restaurant:mt-m-lsdq-wlslm,missing_address
bestmuscat:restaurant:mt-m-lsdq-wlslm,no_photo
bestmuscat:restaurant:mt-m-lkhrwf-ldhby,missing_address
bestmuscat:restaurant:mt-m-lkhrwf-ldhby,no_photo
bestmuscat:restaurant:twins-turkish-cuisine,missing_address
bestmuscat:restaurant:twins-turkish-cuisine,no_photo
bestmuscat:restaurant:fresco,no_photo
bestmuscat:restaurant:naranji-maharaj,no_photo
bestmuscat:restaurant:mt-m-mstrd-khrdl,no_photo
bestmuscat:restaurant:dukanah-cafe,no_photo
bestmuscat:restaurant:lwtwmtyk,no_photo
bestmuscat:restaurant:mt-m-lbyt-lyrny,missing_address
bestmuscat:restaurant:mt-m-lbyt-lyrny,no_photo
bestmuscat:restaurant:mt-m-wmqh,no_photo
bestmuscat:restaurant:papa-johns,missing_address
bestmuscat:restaurant:papa-johns,no_photo
bestmuscat:restaurant:mt-m-byt-llbn,missing_address
bestmuscat:restaurant:mt-m-byt-llbn,no_photo
bestmuscat:restaurant:mtbkh-s-wdy,no_photo
bestmuscat:restaurant:mt-m-wmqh,missing_address
bestmuscat:restaurant:mt-m-wmqh,no_photo
bestmuscat:restaurant:mt-m-ly-jm-h,no_photo
bestmuscat:restaurant:mkdwnldz,no_photo
bestmuscat:restaurant:mt-m-dwstyn-ljdyd,no_photo
bestmuscat:restaurant:mt-m-mkwlt-lmy,no_photo
bestmuscat:restaurant:lqs,no_photo
bestmuscat:restaurant:l-lm-l-rby,no_photo
bestmuscat:restaurant:kzn-hwb,no_photo
bestmuscat:restaurant:seafood-grill,no_photo
bestmuscat:restaurant:zmn-lkhyr-llbnny,missing_address
bestmuscat:restaurant:zmn-lkhyr-llbnny,no_photo
bestmuscat:restaurant:shysh-shwrm,no_photo
bestmuscat:restaurant:mt-m-byt-lmshwy,no_photo
bestmuscat:restaurant:mt-m-lwtwmtyk-lhyl,missing_address
bestmuscat:restaurant:mt-m-lwtwmtyk-lhyl,no_photo
bestmuscat:restaurant:lymn-ls-yd,missing_address
bestmuscat:restaurant:lymn-ls-yd,no_photo
bestmuscat:restaurant:mshwy-lmdny,missing_address
bestmuscat:restaurant:mshwy-lmdny,no_photo
bestmuscat:restaurant:mt-m-mshwyt-lwshwf,no_photo
bestmuscat:restaurant:star-coffee-shop,no_photo
bestmuscat:restaurant:mt-m-lhb-llmkwlt-l-mnyh,missing_address
bestmuscat:restaurant:mt-m-lhb-llmkwlt-l-mnyh,no_photo
bestmuscat:restaurant:mt-m-bw-mnn,no_photo
bestmuscat:restaurant:the-arab-world-restaurant,no_photo
bestmuscat:restaurant:mt-m-mht-lkbb,missing_address
bestmuscat:restaurant:mt-m-mht-lkbb,no_photo
bestmuscat:restaurant:harvest,missing_address
bestmuscat:restaurant:harvest,no_photo
bestmuscat:restaurant:kbsh-styshn,missing_address
bestmuscat:restaurant:kbsh-styshn,no_photo
bestmuscat:restaurant:rooster-home,missing_address
bestmuscat:restaurant:rooster-home,no_photo
bestmuscat:restaurant:pizza-hut,missing_address
bestmuscat:restaurant:pizza-hut,no_photo
bestmuscat:restaurant:kamat-restaurant,missing_address
bestmuscat:restaurant:kamat-restaurant,no_photo
bestmuscat:restaurant:mt-m-qry-dmshq,missing_address
bestmuscat:restaurant:mt-m-qry-dmshq,no_photo
bestmuscat:restaurant:mt-m-rdhdh-tyn,missing_address
bestmuscat:restaurant:mt-m-rdhdh-tyn,no_photo
bestmuscat:restaurant:mt-m-w-mqh-nshw,missing_address
bestmuscat:restaurant:mt-m-w-mqh-nshw,no_photo
bestmuscat:restaurant:char,missing_address
bestmuscat:restaurant:char,no_photo
bestmuscat:restaurant:wet-deck,missing_address
bestmuscat:restaurant:wet-deck,no_photo
bestmuscat:restaurant:melenzane-shati-al-qurum,missing_address
bestmuscat:restaurant:melenzane-shati-al-qurum,no_photo
bestmuscat:restaurant:farzi-cafe,missing_address
bestmuscat:restaurant:farzi-cafe,no_photo
bestmuscat:restaurant:mls-steakhouse,missing_address
bestmuscat:restaurant:mls-steakhouse,no_photo
bestmuscat:restaurant:trader-vic-s,no_photo
bestmuscat:restaurant:mt-m-zmzm-lmndy,missing_address
bestmuscat:restaurant:mt-m-zmzm-lmndy,no_photo
bestmuscat:restaurant:jyn,missing_address
bestmuscat:restaurant:jyn,no_photo
bestmuscat:restaurant:mt-m,missing_address
bestmuscat:restaurant:mt-m,no_photo
bestmuscat:restaurant:mt-m-bnjb,missing_address
bestmuscat:restaurant:mt-m-bnjb,no_photo
bestmuscat:restaurant:dwmynwz,missing_address
bestmuscat:restaurant:dwmynwz,no_photo
bestmuscat:restaurant:al-mouj-golf-restaurant,missing_address
bestmuscat:restaurant:al-mouj-golf-restaurant,no_photo
bestmuscat:restaurant:mnd-yn,missing_address
bestmuscat:restaurant:mnd-yn,no_photo
bestmuscat:restaurant:mt-m,missing_address
bestmuscat:restaurant:mt-m,no_photo
bestmuscat:restaurant:al-hawas,missing_address
bestmuscat:restaurant:al-hawas,no_photo
bestmuscat:restaurant:mt-m,missing_address
bestmuscat:restaurant:mt-m,no_photo
bestmuscat:restaurant:mt-m-trky,missing_address
bestmuscat:restaurant:mt-m-trky,no_photo
bestmuscat:restaurant:mt-m-hsn-rydn-llmndy,missing_address
bestmuscat:restaurant:mt-m-hsn-rydn-llmndy,no_photo
bestmuscat:restaurant:mynahs-edge,missing_address
bestmuscat:restaurant:mynahs-edge,no_photo
bestmuscat:restaurant:mt-m-shrymby-mkwlt-bhry,missing_address
bestmuscat:restaurant:mt-m-shrymby-mkwlt-bhry,no_photo
bestmuscat:restaurant:akiko,missing_address
bestmuscat:restaurant:akiko,no_photo
bestmuscat:restaurant:mt-m-slymn-l-mry,missing_address
bestmuscat:restaurant:mt-m-slymn-l-mry,no_photo
bestmuscat:restaurant:kurkum,missing_address
bestmuscat:restaurant:kurkum,no_photo
bestmuscat:restaurant:grills-juice,missing_address
bestmuscat:restaurant:grills-juice,no_photo
bestmuscat:restaurant:kumar,missing_address
bestmuscat:restaurant:kumar,no_photo
bestmuscat:restaurant:al-majles-aloud-restaurant,missing_address
bestmuscat:restaurant:al-majles-aloud-restaurant,no_photo
bestmuscat:restaurant:cowboy-steakhouse,missing_address
bestmuscat:restaurant:cowboy-steakhouse,no_photo
bestmuscat:restaurant:seeb-waves,missing_address
bestmuscat:restaurant:seeb-waves,no_photo
bestmuscat:restaurant:nizam-restaurant,missing_address
bestmuscat:restaurant:nizam-restaurant,no_photo
bestmuscat:restaurant:mt-m-lmlh,missing_address
bestmuscat:restaurant:mt-m-lmlh,no_photo
bestmuscat:restaurant:rhm-klbkwt,missing_address
bestmuscat:restaurant:rhm-klbkwt,no_photo
bestmuscat:restaurant:turkish-days,missing_address
bestmuscat:restaurant:turkish-days,no_photo
bestmuscat:restaurant:mt-m,missing_address
bestmuscat:restaurant:mt-m,no_photo
bestmuscat:restaurant:mt-m,missing_address
bestmuscat:restaurant:mt-m,no_photo
bestmuscat:restaurant:topi-vappa-biriyani-restaurant,no_photo
bestmuscat:restaurant:gujarati-rasoi,missing_address
bestmuscat:restaurant:gujarati-rasoi,no_photo
bestmuscat:restaurant:duniyav-restaurant,missing_address
bestmuscat:restaurant:duniyav-restaurant,no_photo
bestmuscat:restaurant:pizza-hut,missing_address
bestmuscat:restaurant:pizza-hut,no_photo
bestmuscat:restaurant:steam-n-bytes,missing_address
bestmuscat:restaurant:steam-n-bytes,no_photo
bestmuscat:restaurant:macro-boost,no_photo
bestmuscat:restaurant:kfc,missing_address
bestmuscat:restaurant:kfc,no_photo
bestmuscat:restaurant:bhr-ltrky,missing_address
bestmuscat:restaurant:bhr-ltrky,no_photo
bestmuscat:restaurant:shrimpy,no_photo
bestmuscat:restaurant:macro-boost,missing_address
bestmuscat:restaurant:macro-boost,no_photo
bestmuscat:restaurant:sohar-arabic-food,missing_address
bestmuscat:restaurant:sohar-arabic-food,no_photo
bestmuscat:restaurant:kbs-styshn,missing_address
bestmuscat:restaurant:kbs-styshn,no_photo
bestmuscat:restaurant:seven-fries,missing_address
bestmuscat:restaurant:seven-fries,no_photo
bestmuscat:restaurant:el-baghl,missing_address
bestmuscat:restaurant:el-baghl,no_photo
bestmuscat:restaurant:fast-turkish,missing_address
bestmuscat:restaurant:fast-turkish,no_photo
bestmuscat:restaurant:shawarmak,missing_address
bestmuscat:restaurant:shawarmak,no_photo
bestmuscat:restaurant:m-r-yh,missing_address
bestmuscat:restaurant:m-r-yh,no_photo
bestmuscat:restaurant:fryj-lmbrky,missing_address
bestmuscat:restaurant:fryj-lmbrky,no_photo
bestmuscat:restaurant:juice-shawarma-factory,missing_address
bestmuscat:restaurant:juice-shawarma-factory,no_photo
bestmuscat:restaurant:mr-mishkak,missing_address
bestmuscat:restaurant:mr-mishkak,no_photo
bestmuscat:restaurant:mt-m-bb-lymn-llmndy,missing_address
bestmuscat:restaurant:mt-m-bb-lymn-llmndy,no_photo
bestmuscat:restaurant:golden-spoon,missing_address
bestmuscat:restaurant:golden-spoon,no_photo
bestmuscat:restaurant:mt-m-shykh-lmndy,missing_address
bestmuscat:restaurant:mt-m-shykh-lmndy,no_photo
bestmuscat:restaurant:rice-shop,missing_address
bestmuscat:restaurant:rice-shop,no_photo
bestmuscat:restaurant:la-dorade-royale-resto-cafe,missing_address
bestmuscat:restaurant:la-dorade-royale-resto-cafe,no_photo
bestmuscat:restaurant:shawarma-190,missing_address
bestmuscat:restaurant:shawarma-190,no_photo
bestmuscat:restaurant:burger-pizza-house,missing_address
bestmuscat:restaurant:burger-pizza-house,no_photo
bestmuscat:restaurant:tulsi-vegetarian,missing_address
bestmuscat:restaurant:tulsi-vegetarian,no_photo
bestmuscat:restaurant:bait-al-luban-restaurant,missing_address
bestmuscat:restaurant:al-maida-restaurant,missing_address
bestmuscat:restaurant:al-maida-restaurant,no_photo
bestmuscat:restaurant:mtbkh-m-lmjd,missing_address
bestmuscat:restaurant:mtbkh-m-lmjd,no_photo
bestmuscat:restaurant:rd-lmhsy-mhshy-kshry,missing_address
bestmuscat:restaurant:rd-lmhsy-mhshy-kshry,no_photo
bestmuscat:restaurant:lbsh-lswry,missing_address
bestmuscat:restaurant:lbsh-lswry,no_photo
bestmuscat:restaurant:hn-dmshq,missing_address
bestmuscat:restaurant:hn-dmshq,no_photo
bestmuscat:restaurant:yl-l-ryj,missing_address
bestmuscat:restaurant:yl-l-ryj,no_photo
bestmuscat:restaurant:mt-m-lkndwsh,missing_address
bestmuscat:restaurant:mt-m-lkndwsh,no_photo
bestmuscat:restaurant:mt-m-llmkwlt-l-mny-lllhwm-lbl,missing_address
bestmuscat:restaurant:mt-m-llmkwlt-l-mny-lllhwm-lbl,no_photo
bestmuscat:restaurant:yl-lfrj,missing_address
bestmuscat:restaurant:yl-lfrj,no_photo
bestmuscat:restaurant:lwmyn-mzj-lfhm,missing_address
bestmuscat:restaurant:lwmyn-mzj-lfhm,no_photo
bestmuscat:restaurant:azafran,missing_address
bestmuscat:restaurant:azafran,no_photo
bestmuscat:restaurant:kamat-vegetarian,missing_address
bestmuscat:restaurant:kamat-vegetarian,no_photo
bestmuscat:restaurant:kunafa-al-diyafa,missing_address
bestmuscat:restaurant:kunafa-al-diyafa,no_photo
bestmuscat:restaurant:dawat-restaurant,missing_address
bestmuscat:restaurant:dawat-restaurant,no_photo
bestmuscat:restaurant:biriyani-rasoi,missing_address
bestmuscat:restaurant:biriyani-rasoi,no_photo
bestmuscat:restaurant:thai-chai-co,missing_address
bestmuscat:restaurant:thai-chai-co,no_photo
bestmuscat:restaurant:kera-restaurant,missing_address
bestmuscat:restaurant:kera-restaurant,no_photo
bestmuscat:restaurant:aagraham,missing_address
bestmuscat:restaurant:aagraham,no_photo
bestmuscat:restaurant:mt-m-rsh-blqys-lymny,missing_address
bestmuscat:restaurant:mt-m-rsh-blqys-lymny,no_photo
bestmuscat:restaurant:mt-m-mw-hbyb,missing_address
bestmuscat:restaurant:mt-m-mw-hbyb,no_photo
bestmuscat:restaurant:diwan-evan-cafe,missing_address
bestmuscat:restaurant:diwan-evan-cafe,no_photo
bestmuscat:restaurant:africa-restaurant-zanzibar-food,missing_address
bestmuscat:restaurant:africa-restaurant-zanzibar-food,no_photo
bestmuscat:restaurant:mt-m-lsltn,missing_address
bestmuscat:restaurant:mt-m-lsltn,no_photo
bestmuscat:restaurant:dilkush-restaurant-vegetarian,missing_address
bestmuscat:restaurant:dilkush-restaurant-vegetarian,no_photo
bestmuscat:restaurant:hyderabad-parivar-biriyani-house,missing_address
bestmuscat:restaurant:hyderabad-parivar-biriyani-house,no_photo
bestmuscat:restaurant:pista-house-oman,missing_address
bestmuscat:restaurant:pista-house-oman,no_photo
bestmuscat:restaurant:maharaja-restaurant,missing_address
bestmuscat:restaurant:maharaja-restaurant,no_photo
bestmuscat:restaurant:kung-fu-restaurant,missing_address
bestmuscat:restaurant:kung-fu-restaurant,no_photo
bestmuscat:restaurant:ark-biryani-abdur-rahman-kalyana-biryani,missing_address
bestmuscat:restaurant:ark-biryani-abdur-rahman-kalyana-biryani,no_photo
bestmuscat:restaurant:afghan-house,missing_address
bestmuscat:restaurant:afghan-house,no_photo
bestmuscat:restaurant:al-jood-restaurant,no_photo
bestmuscat:restaurant:el-baghl,no_photo
bestmuscat:restaurant:ghasitaram-halwai,missing_address
bestmuscat:restaurant:ghasitaram-halwai,no_photo
bestmuscat:restaurant:soha-restaurant,missing_address
bestmuscat:restaurant:soha-restaurant,no_photo
bestmuscat:restaurant:jr-s-asian-diner,no_photo
bestmuscat:restaurant:pakistani-naan,missing_address
bestmuscat:restaurant:pakistani-naan,no_photo
bestmuscat:restaurant:pizza-hut,no_photo
bestmuscat:restaurant:pizza-modo,no_photo
bestmuscat:restaurant:homey-restaurant,no_photo
bestmuscat:restaurant:pad-thai-restaurant,missing_address
bestmuscat:restaurant:pad-thai-restaurant,no_photo
bestmuscat:restaurant:foodlands-al-khuwair,missing_address
bestmuscat:restaurant:foodlands-al-khuwair,no_photo
bestmuscat:restaurant:swaad-pure-vegetarian-restaurant,missing_address
bestmuscat:restaurant:swaad-pure-vegetarian-restaurant,no_photo
bestmuscat:restaurant:al-salam-restaurant,missing_address
bestmuscat:restaurant:al-salam-restaurant,no_photo
bestmuscat:restaurant:govinda-ss-vegetarian-restaurant,missing_address
bestmuscat:restaurant:govinda-ss-vegetarian-restaurant,no_photo
bestmuscat:restaurant:krua-thai-restaurant,missing_address
bestmuscat:restaurant:krua-thai-restaurant,no_photo
bestmuscat:restaurant:queens-palace-restaurant,missing_address
bestmuscat:restaurant:queens-palace-restaurant,no_photo
bestmuscat:restaurant:imperial-kitchen-muscat,no_photo
bestmuscat:restaurant:mai-thai-al-qurum-complex,missing_address
bestmuscat:restaurant:mai-thai-al-qurum-complex,no_photo
bestmuscat:restaurant:royal-afghan-restaurant,missing_address
bestmuscat:restaurant:royal-afghan-restaurant,no_photo
bestmuscat:restaurant:bukhari-house-restaurant,missing_address
bestmuscat:restaurant:bukhari-house-restaurant,no_photo
bestmuscat:restaurant:afghan-kebab-palace-restaurant,missing_address
bestmuscat:restaurant:afghan-kebab-palace-restaurant,no_photo
bestmuscat:restaurant:vasanta-bhavan,missing_address
bestmuscat:restaurant:vasanta-bhavan,no_photo
bestmuscat:restaurant:gokul-pure-vegetarian-restaurant,missing_address
bestmuscat:restaurant:gokul-pure-vegetarian-restaurant,no_photo
bestmuscat:restaurant:al-yemen-al-saeed-land-restaurant,missing_address
bestmuscat:restaurant:al-yemen-al-saeed-land-restaurant,no_photo
bestmuscat:restaurant:just-fried-thai-cafe,missing_address
bestmuscat:restaurant:just-fried-thai-cafe,no_photo
bestmuscat:restaurant:pizzeria-belucci,missing_address
bestmuscat:restaurant:pizzeria-belucci,no_photo
bestmuscat:restaurant:lebanese-village,missing_address
bestmuscat:restaurant:lebanese-village,no_photo
bestmuscat:restaurant:enghong-bbq-grill,missing_address
bestmuscat:restaurant:enghong-bbq-grill,no_photo
bestmuscat:restaurant:grills-village,missing_address
bestmuscat:restaurant:grills-village,no_photo
bestmuscat:restaurant:udupi-home-vegetarian-restaurant,no_photo
bestmuscat:restaurant:nando-s,no_photo
bestmuscat:restaurant:me-so-hungry-sushi,missing_address
bestmuscat:restaurant:me-so-hungry-sushi,no_photo
bestmuscat:restaurant:kabab-planet,no_photo
bestmuscat:restaurant:mint-coco,missing_address
bestmuscat:restaurant:mint-coco,no_photo
bestmuscat:restaurant:indonesian-restaurant,missing_address
bestmuscat:restaurant:indonesian-restaurant,no_photo
bestmuscat:restaurant:mmari-smoke-house,missing_address
bestmuscat:restaurant:mmari-smoke-house,no_photo
bestmuscat:restaurant:bayt-al-sahwa,missing_address
bestmuscat:restaurant:bayt-al-sahwa,no_photo
bestmuscat:restaurant:philipino-restaurant,missing_address
bestmuscat:restaurant:philipino-restaurant,no_photo
bestmuscat:restaurant:anatolia-turkish-restaurant,missing_address
bestmuscat:restaurant:anatolia-turkish-restaurant,no_photo
bestmuscat:restaurant:eggxit,missing_address
bestmuscat:restaurant:eggxit,no_photo
bestmuscat:restaurant:sushian,missing_address
bestmuscat:restaurant:sushian,no_photo
bestmuscat:restaurant:king-fish-seafood,missing_address
bestmuscat:restaurant:king-fish-seafood,no_photo
bestmuscat:restaurant:vietnam-milk-tea-and-coffee,missing_address
bestmuscat:restaurant:vietnam-milk-tea-and-coffee,no_photo
bestmuscat:restaurant:meat-moot-muscat,no_photo
bestmuscat:restaurant:johnny-rockets,missing_address
bestmuscat:restaurant:johnny-rockets,no_photo
bestmuscat:restaurant:woodlands-restaurant,missing_address
bestmuscat:restaurant:woodlands-restaurant,no_photo
bestmuscat:restaurant:hyderabad-palace-restaurant,missing_address
bestmuscat:restaurant:hyderabad-palace-restaurant,no_photo
bestmuscat:restaurant:fish-house-restaurant,missing_address
bestmuscat:restaurant:fish-house-restaurant,no_photo
bestmuscat:restaurant:turkish-diwan,missing_address
bestmuscat:restaurant:turkish-diwan,no_photo
bestmuscat:restaurant:chedi-pool-restaurant,no_photo
bestmuscat:restaurant:dhilkush-restaurant-south-indian,no_photo
bestmuscat:restaurant:turkish-palace-restaurant,no_photo
bestmuscat:restaurant:dowstain,no_photo
bestmuscat:restaurant:mt-m-slymn,no_photo
bestmuscat:restaurant:punjab,no_photo
bestmuscat:restaurant:leaf-coffee-shop-fast-food,no_photo
bestmuscat:restaurant:olive-garden,no_photo
bestmuscat:restaurant:the-cave,no_photo
bestmuscat:restaurant:come-prima,no_photo
bestmuscat:restaurant:shiraz,no_photo
bestmuscat:restaurant:tropicana,no_photo
bestmuscat:restaurant:kebabs-curries-store,no_photo
bestmuscat:restaurant:al-hawas-coffee-shop,no_photo
bestmuscat:restaurant:al-maida-restaurant,no_photo
bestmuscat:restaurant:la-cigalo,no_photo
bestmuscat:restaurant:ravi-restaurant,no_photo
bestmuscat:restaurant:mt-m-shl-sdb,no_photo
bestmuscat:restaurant:tower-no-4-mess,no_photo
bestmuscat:hotel:ramee-guestline-hotel,no_photo
bestmuscat:hotel:shangri-la-barr-al-jissah-resort-spa,missing_address
bestmuscat:hotel:radisson-blu,missing_address
bestmuscat:hotel:radisson-blu,no_photo
bestmuscat:hotel:bowshar-hotel,missing_address
bestmuscat:hotel:bowshar-hotel,no_photo
bestmuscat:hotel:fndq-krwn-blz,missing_address
bestmuscat:hotel:fndq-krwn-blz,no_photo
bestmuscat:hotel:golden-tulip-seeb,no_photo
bestmuscat:hotel:marhaba-hotel,missing_address
bestmuscat:hotel:marhaba-hotel,no_photo
bestmuscat:hotel:mina-hotel,missing_address
bestmuscat:hotel:mina-hotel,no_photo
bestmuscat:hotel:nasseem,missing_address
bestmuscat:hotel:nasseem,no_photo
bestmuscat:hotel:midan-hotel-suites,no_photo
bestmuscat:hotel:fndq-sty-sntr,missing_address
bestmuscat:hotel:fndq-sty-sntr,no_photo
bestmuscat:hotel:al-manaf-hotel-suites,no_photo
bestmuscat:hotel:lnkhb-llshqq-lfndqy,no_photo
bestmuscat:hotel:l-dhyb-llshqq-lfndqy,no_photo
bestmuscat:hotel:lhshmy-llshqq-lfndqy,missing_address
bestmuscat:hotel:lhshmy-llshqq-lfndqy,no_photo
bestmuscat:hotel:al-ferdous-hotel-apartaments,no_photo
bestmuscat:hotel:dr-ldyf-llshqq-lfndqy,missing_address
bestmuscat:hotel:dr-ldyf-llshqq-lfndqy,no_photo
bestmuscat:hotel:byt-lnmr-llshqq-lfndqy,missing_address
bestmuscat:hotel:byt-lnmr-llshqq-lfndqy,no_photo
bestmuscat:hotel:wyk-nd-llshqq-lfndqy,missing_address
bestmuscat:hotel:wyk-nd-llshqq-lfndqy,no_photo
bestmuscat:hotel:rhb-llshqq-lfndqy,no_photo
bestmuscat:hotel:fndq-lrym,no_photo
bestmuscat:hotel:safeer-plaza-hotel-apartments,no_photo
bestmuscat:hotel:best-western-premier-muscat,no_photo
bestmuscat:hotel:weekend-hotel-apartments,no_photo
bestmuscat:hotel:al-bahjah-hotel,no_photo
bestmuscat:hotel:fndq-mjn,missing_address
bestmuscat:hotel:fndq-mjn,no_photo
bestmuscat:hotel:kempinski-the-wave-muscat,missing_address
bestmuscat:hotel:kempinski-the-wave-muscat,no_photo
bestmuscat:hotel:fndq-lmydn,no_photo
bestmuscat:hotel:lwlj,no_photo
bestmuscat:hotel:fndq-sfr,missing_address
bestmuscat:hotel:fndq-sfr,no_photo
bestmuscat:hotel:mnzl-bwsltn,no_photo
bestmuscat:hotel:lmwj,no_photo
bestmuscat:hotel:somerset,no_photo
bestmuscat:hotel:al-walja-hotel,no_photo
bestmuscat:hotel:riyam-hotel,no_photo
bestmuscat:hotel:htl-khlyj,missing_address
bestmuscat:hotel:htl-khlyj,no_photo
bestmuscat:hotel:centara,missing_address
bestmuscat:hotel:centara,no_photo
bestmuscat:hotel:fndq-mwj-ldwly,missing_address
bestmuscat:hotel:fndq-mwj-ldwly,no_photo
bestmuscat:hotel:al-raha-hotel,no_photo
bestmuscat:hotel:centara-hotel,missing_address
bestmuscat:hotel:centara-hotel,no_photo
bestmuscat:hotel:fndq-wns-kwntynntl,no_photo
bestmuscat:hotel:aerotel-muscat,no_photo
bestmuscat:hotel:jy-m-mrywt-msqt,missing_address
bestmuscat:hotel:jy-m-mrywt-msqt,no_photo
bestmuscat:hotel:al-murooj-hotel-apartments,no_photo
bestmuscat:hotel:radisson-hotel-muscat-panorama,missing_address
bestmuscat:hotel:radisson-hotel-muscat-panorama,no_photo
bestmuscat:hotel:al-bustan,missing_address
bestmuscat:hotel:lbtshy,no_photo
bestmuscat:hotel:savoy-grand-hotel-apartments,no_photo
bestmuscat:hotel:fndq-hltwn-jrnd-msqt,no_photo
bestmuscat:hotel:fndq-lmrwj-l-dhyb,no_photo
bestmuscat:hotel:fndq-shb-ljzyrh,no_photo
bestmuscat:hotel:fndq-shydy,no_photo
bestmuscat:hotel:coral,missing_address
bestmuscat:hotel:coral,no_photo
bestmuscat:hotel:ltll-llshqq-lfndqy,no_photo
bestmuscat:hotel:royal-tulip-muscat,no_photo
bestmuscat:hotel:fndq-hdy-llshqq-lkhwd,no_photo
bestmuscat:hotel:fndq-dwlfyn,missing_address
bestmuscat:hotel:fndq-dwlfyn,no_photo
bestmuscat:hotel:fndq-jrnd-twrst-msqt,no_photo
bestmuscat:hotel:rwzn,no_photo
bestmuscat:hotel:w-muscat,missing_address
bestmuscat:hotel:w-muscat,no_photo
bestmuscat:hotel:fndq,no_photo
bestmuscat:hotel:fndq-hrmz-jrnd-msqt,missing_address
bestmuscat:hotel:fndq-hrmz-jrnd-msqt,no_photo
bestmuscat:hotel:aloft,missing_address
bestmuscat:hotel:aloft,no_photo
bestmuscat:hotel:novotel-muscat-airport,missing_address
bestmuscat:hotel:novotel-muscat-airport,no_photo
bestmuscat:hotel:intercityhotel-muscat,no_photo
bestmuscat:hotel:jumeira-muscat-bay,missing_address
bestmuscat:hotel:jumeira-muscat-bay,no_photo
bestmuscat:hotel:caesar-hotel,missing_address
bestmuscat:hotel:caesar-hotel,no_photo
bestmuscat:hotel:wyndham-garden,no_photo
bestmuscat:hotel:mercure-muscat,no_photo
bestmuscat:hotel:intercityhotel-bawshar,missing_address
bestmuscat:hotel:intercityhotel-bawshar,no_photo
bestmuscat:hotel:movenpick-hotel-apartments-ghala-muscat,no_photo
bestmuscat:hotel:golden-tulip-muscat,no_photo
bestmuscat:hotel:fndq-lmtr,missing_address
bestmuscat:hotel:fndq-lmtr,no_photo
bestmuscat:hotel:sheraton-oman,missing_address
bestmuscat:hotel:grand-hyatt-muscat,no_photo
bestmuscat:hotel:muscat-holiday,missing_address
bestmuscat:hotel:city-seasons,missing_address
bestmuscat:hotel:city-seasons,no_photo
bestmuscat:hotel:platinum-hotel,missing_address
bestmuscat:hotel:qurm-beach-hotel,no_photo
bestmuscat:hotel:al-bandar,missing_address
bestmuscat:hotel:al-bandar,no_photo
bestmuscat:hotel:al-waha,missing_address
bestmuscat:hotel:al-waha,no_photo
bestmuscat:hotel:al-falaj-hotel,no_photo
bestmuscat:hotel:fndq-lbyn,no_photo
bestmuscat:hotel:ramada-encore-by-wyndham-muscat-al-ghubra,missing_address
bestmuscat:hotel:ramada-encore-by-wyndham-muscat-al-ghubra,no_photo
bestmuscat:hotel:tulip-inn,missing_address
bestmuscat:hotel:tulip-inn,no_photo
bestmuscat:hotel:hwlydy-n,no_photo
bestmuscat:hotel:al-husn,missing_address
bestmuscat:hotel:al-husn,no_photo
bestmuscat:hotel:eastin-residence-muscat,no_photo
bestmuscat:hotel:haffa-house,missing_address
bestmuscat:hotel:haffa-house,no_photo
bestmuscat:hotel:marina-hotel,missing_address
bestmuscat:hotel:al-fanar-hotel,no_photo
bestmuscat:hotel:gulf-crown-hotel-apartments,no_photo
bestmuscat:hotel:ramada-qurum-beach,no_photo
bestmuscat:hotel:golden-hotel,missing_address
bestmuscat:hotel:golden-hotel,no_photo
bestmuscat:hotel:palace-hotel-apartments,no_photo
bestmuscat:hotel:fndq-lmh-ldwly,no_photo
bestmuscat:hotel:dmas,missing_address
bestmuscat:hotel:dmas,no_photo
bestmuscat:hotel:fndq-sytdynz,missing_address
bestmuscat:hotel:fndq-sytdynz,no_photo
bestmuscat:hotel:mysk-al-mouj,missing_address
bestmuscat:hotel:mysk-al-mouj,no_photo
bestmuscat:hotel:safeer-intenational-hotel,no_photo
bestmuscat:hotel:majestic-hotel,missing_address
bestmuscat:hotel:majan-continental-hotel,no_photo
bestmuscat:hotel:hormuz-grand-hotel,no_photo
bestmuscat:hotel:al-wafa-hotel-flats,no_photo
bestmuscat:hotel:sun-city-hotel,no_photo
bestmuscat:hotel:white-nile-hotel,no_photo
bestmuscat:hotel:al-hedayet,no_photo
bestmuscat:hotel:tulip-inn-downtown-muscat,no_photo
bestmuscat:hotel:crowne-plaza-ocec,missing_address
bestmuscat:hotel:crowne-plaza-ocec,no_photo
bestmuscat:hotel:al-murooj-grand-hotel,no_photo
bestmuscat:hotel:fndq-qsr-lbstn,missing_address
bestmuscat:hotel:fndq-qsr-lbstn,no_photo
bestmuscat:hotel:fndq-msqt-n,missing_address
bestmuscat:hotel:fndq-msqt-n,no_photo
bestmuscat:hotel:hilton-garden-inn-muscat-al-khuwair,no_photo
bestmuscat:hotel:grand-millennium-hotel,no_photo
bestmuscat:hotel:fndq-bwb-msqt,no_photo
bestmuscat:hotel:muscat-express,missing_address
bestmuscat:hotel:doubletree-by-hilton-muscat-qurum,no_photo
bestmuscat:mall:mjm-lhrthy,no_photo
bestmuscat:mall:mrkz-sbkw-lltswq-lqrm,missing_address
bestmuscat:mall:mrkz-sbkw-lltswq-lqrm,no_photo
bestmuscat:mall:zakher-mall,no_photo
bestmuscat:mall:al-asfoor-plaza,no_photo
bestmuscat:mall:mutrah-souq-entrance,no_photo
bestmuscat:mall:muttrah-souq-entrance,no_photo
bestmuscat:mall:lqrm-syty-sntr,missing_address
bestmuscat:mall:lqrm-syty-sntr,no_photo
bestmuscat:mall:entrance-to-mcc,no_photo
bestmuscat:mall:mjm-lysmyn,no_photo
bestmuscat:mall:lwlw-hybr-mrkt-rwy,no_photo
bestmuscat:mall:araya,missing_address
bestmuscat:mall:araya,no_photo
bestmuscat:mall:ms-max,missing_address
bestmuscat:mall:ms-max,no_photo
bestmuscat:mall:souq-al-madina,missing_address
bestmuscat:mall:souq-al-madina,no_photo
bestmuscat:mall:al-qurum-plaza,no_photo
bestmuscat:mall:city-centre-qurum,no_photo
bestmuscat:mall:al-masa-mall,no_photo
bestmuscat:mall:al-sarooj-commercial-center,missing_address
bestmuscat:mall:al-sarooj-commercial-center,no_photo
bestmuscat:mall:mrkz-lbhj,no_photo
bestmuscat:mall:the-walk,no_photo
bestmuscat:mall:water-front-muscat,missing_address
bestmuscat:mall:l-dhyb-mwl,no_photo
bestmuscat:mall:lwlw-hybr-mrkt-lbndr,missing_address
bestmuscat:mall:lwlw-hybr-mrkt-lbndr,no_photo
bestmuscat:mall:rial-discount-center,no_photo
bestmuscat:mall:al-muzn-mall,no_photo
bestmuscat:mall:lswq-lsyny,no_photo
bestmuscat:mall:salam-square,no_photo
bestmuscat:mall:muscat-grand-mall-extension,missing_address
bestmuscat:mall:muscat-grand-mall-extension,no_photo
bestmuscat:mall:mwl-umn,no_photo
bestmuscat:mall:boulevard-boutique-mall,no_photo
bestmuscat:restaurant:global-kitchen-restaurant,missing_address
bestmuscat:restaurant:global-kitchen-restaurant,no_photo
bestmuscat:restaurant:golden-leaf,no_photo
bestmuscat:restaurant:abu-farooq-restaurant,no_photo
bestmuscat:restaurant:stars-tower-coffee-shop,no_photo
bestmuscat:restaurant:coco-beach-restaurant,no_photo
bestmuscat:restaurant:hardies,no_photo
bestmuscat:restaurant:friendship-and-peace-cofeeshop-and-restaurent,no_photo
bestmuscat:restaurant:kfc,no_photo
bestmuscat:restaurant:muscat-hills-beach-club,missing_address
bestmuscat:restaurant:muscat-hills-beach-club,no_photo
bestmuscat:restaurant:muscat-backery-rest,no_photo
bestmuscat:restaurant:hezza-omani-restaurant,no_photo
bestmuscat:restaurant:tikka-bahraini,no_photo
bestmuscat:restaurant:turkish-corner,no_photo
bestmuscat:restaurant:best-burgers,no_photo
bestmuscat:restaurant:ottoman-turkish-restaurant,no_photo
bestmuscat:restaurant:subway,no_photo
bestmuscat:restaurant:turkish-jawhara-al-khalej-restaurant,no_photo
bestmuscat:restaurant:subway,no_photo
bestmuscat:restaurant:bbq,no_photo
bestmuscat:restaurant:mumtaj-indosigdang,no_photo
bestmuscat:restaurant:chinese-restaurant,no_photo
bestmuscat:restaurant:spicy-palace-restaurant,no_photo
bestmuscat:restaurant:udupi-vegetarian-restaurant,no_photo
bestmuscat:restaurant:tokyo-taro,no_photo
bestmuscat:restaurant:intaqiya-gartenrstaurant,no_photo
bestmuscat:restaurant:hamood-shahdad-co-restaurant,no_photo
bestmuscat:restaurant:bait-al-luban-restaurant-and-patisserie,no_photo
bestmuscat:restaurant:domino-s-pizza,no_photo
bestmuscat:restaurant:kfc,no_photo
bestmuscat:restaurant:al-khodr-coffeeshop,no_photo
bestmuscat:restaurant:al-kharuf-al-thahabi-restaurent,no_photo
bestmuscat:restaurant:merath-hotel,no_photo
bestmuscat:restaurant:subway,no_photo
bestmuscat:restaurant:rest-amazing-chicken-noldalg,no_photo
bestmuscat:restaurant:mullis-musafar-khana-restaurant,no_photo
bestmuscat:restaurant:al-reef-al-omani-restaurant,no_photo
bestmuscat:restaurant:wadi-hadramout-restaurant,no_photo
bestmuscat:restaurant:kfc,no_photo
bestmuscat:restaurant:queens,no_photo
bestmuscat:restaurant:sombrero,no_photo
bestmuscat:restaurant:bbq-tonight-pakistani-cuisine,no_photo
bestmuscat:restaurant:al-fawan-restaurant,no_photo
bestmuscat:restaurant:ifood-restaurant,no_photo
bestmuscat:restaurant:fresh,no_photo
bestmuscat:restaurant:ameer-mendi,no_photo
bestmuscat:restaurant:khana-khazana,no_photo
bestmuscat:restaurant:mustard-burger-joint,no_photo
bestmuscat:restaurant:irani-house-restaurant,no_photo
bestmuscat:restaurant:rajan-cafeteria,no_photo
bestmuscat:restaurant:al-sadaf-irani-restaurant,no_photo
bestmuscat:restaurant:sea-shell-restaurant,no_photo
bestmuscat:restaurant:hungry-bunny,no_photo
bestmuscat:restaurant:the-foodbook-restaurant,no_photo
bestmuscat:restaurant:rozna,no_photo
bestmuscat:restaurant:mt-m-mr-lkhym-lkhwd,no_photo
bestmuscat:restaurant:irani-house,no_photo
bestmuscat:restaurant:al-jood-restaurant,no_photo
bestmuscat:restaurant:leader-kitchen,no_photo
bestmuscat:restaurant:the-asian,no_photo
bestmuscat:restaurant:restoran-rif,no_photo
bestmuscat:restaurant:priyadarshini-restaurant,no_photo
bestmuscat:restaurant:lameese,no_photo
bestmuscat:restaurant:taste-of-korea-amazing-chicken,no_photo
bestmuscat:restaurant:kabab-house,no_photo
bestmuscat:restaurant:al-luban-land,no_photo
bestmuscat:restaurant:spice-garden,no_photo
bestmuscat:restaurant:new-jhazal-restaurant,no_photo
bestmuscat:restaurant:al-magraf-restaurant,no_photo
bestmuscat:restaurant:muscat-madhadi-oman-food,no_photo
bestmuscat:restaurant:salalah-omani-food,no_photo
bestmuscat:restaurant:cafe,no_photo
bestmuscat:restaurant:jashn,no_photo
bestmuscat:restaurant:chinese-garden-restaurant,no_photo
bestmuscat:restaurant:tim-hortons,no_photo
bestmuscat:restaurant:kuanxi-chinese-restaurant,no_photo
bestmuscat:restaurant:aryaas-vegetarian,no_photo
bestmuscat:restaurant:restaurant-fish-shop-grill,no_photo
bestmuscat:restaurant:princess-restaurant,no_photo
bestmuscat:restaurant:al-deyar-cafe,no_photo
bestmuscat:restaurant:falafel-more,no_photo
bestmuscat:restaurant:indie-spice,no_photo
bestmuscat:restaurant:automatic-restaurant,no_photo
bestmuscat:restaurant:kabab-turki,no_photo
bestmuscat:restaurant:meerath,no_photo
bestmuscat:restaurant:shahrzad,no_photo
bestmuscat:restaurant:dilkush-restaurant,no_photo
bestmuscat:restaurant:r,no_photo
bestmuscat:restaurant:buffalo-wings-rings,no_photo
bestmuscat:restaurant:nana-s-restaraunt,no_photo
bestmuscat:restaurant:delhi-darbar,no_photo
bestmuscat:restaurant:ala-turka,no_photo
bestmuscat:restaurant:takara-japanese-restaurants,no_photo
bestmuscat:restaurant:wakha,no_photo
bestmuscat:restaurant:baba-salem-turkish-grill,no_photo
bestmuscat:restaurant:subway,no_photo
bestmuscat:restaurant:parkway-restaurant,no_photo
bestmuscat:restaurant:anandbhavan-vegetarian-restaurant,no_photo
bestmuscat:restaurant:kesar-sweets,no_photo
bestmuscat:restaurant:fusion,no_photo
bestmuscat:restaurant:camilia-turkish-cafe,no_photo
bestmuscat:restaurant:karimbinkala-restaurant,no_photo
bestmuscat:restaurant:curry-house-restaurant,no_photo
bestmuscat:restaurant:automatic-lebanese,no_photo
bestmuscat:restaurant:the-great-kabab-factory,no_photo
bestmuscat:restaurant:dmascino,no_photo
bestmuscat:hotel:shangri-la-al-husn-resort-spa,missing_address
bestmuscat:hotel:shangri-la-al-husn-resort-spa,no_photo
bestmuscat:hotel:city-center-hotel,no_photo
bestmuscat:hotel:holiday-inn-muscat-al-seeb,no_photo
bestmuscat:hotel:kempinski-muscat,no_photo
bestmuscat:hotel:behlys-boutique,no_photo
bestmuscat:hotel:centara-muscat-hotel-oman,no_photo
bestmuscat:hotel:savoy-inn-hotel,no_photo
bestmuscat:hotel:tiger-home-hotel-apartments,no_photo
bestmuscat:hotel:tulip-inn-muscat,no_photo
bestmuscat:hotel:somerset-panorama-muscat,no_photo
bestmuscat:hotel:dar-al-deyafa-hotel-apartment,no_photo
bestmuscat:hotel:levatio-hotel-muscat,no_photo
bestmuscat:hotel:bowshar-international-hotel,no_photo
bestmuscat:hotel:sahara-hotel-apartment,no_photo
bestmuscat:hotel:safeer-continental-hotel,no_photo
bestmuscat:hotel:radisson-blu-hotel-muscat,no_photo
bestmuscat:hotel:dolphin-hotel,no_photo
bestmuscat:hotel:behlys-villa,no_photo
bestmuscat:hotel:lana-villa,no_photo
bestmuscat:hotel:safeer-hotel-suites,no_photo
bestmuscat:hotel:coral-muscat-hotel-and-apartments,no_photo
bestmuscat:hotel:haffa-house-hotel,no_photo
bestmuscat:hotel:al-bustan-palace-a-ritz-carlton-hotel,no_photo
bestmuscat:hotel:mysk-al-mouj-hotel,no_photo
bestmuscat:hotel:crowne-plaza-muscat-ocec,no_photo
bestmuscat:hotel:muscat-inn-hotel,no_photo
bestmuscat:hotel:al-maha-international-hotel,no_photo
bestmuscat:hotel:city-park-hotel-apartments,no_photo
bestmuscat:hotel:oyo-117-majestic-hotel,no_photo
bestmuscat:hotel:oyo-103-hotel-golden-oasis,no_photo
bestmuscat:hotel:nuzha-hotel-apartments,no_photo
bestmuscat:hotel:jw-marriott-muscat,no_photo
bestmuscat:hotel:grand-millennium-muscat-right,no_photo
bestmuscat:hotel:park-inn-by-radisson-muscat,no_photo
bestmuscat:hotel:city-seasons-hotel-suites-muscat,no_photo
bestmuscat:hotel:muscat-gate-hotel,no_photo
bestmuscat:hotel:byt-ryd,missing_address
bestmuscat:hotel:byt-ryd,no_photo
bestmuscat:hotel:rudi-en-liz-se-nuwe-plek,no_photo
bestmuscat:hotel:byt-my-s-yd,no_photo
bestmuscat:hotel:bw-lwlyd,no_photo
bestmuscat:hotel:atbaee-khareji,no_photo
bestmuscat:hotel:my-loft,no_photo
bestmuscat:hotel:break-camp,no_photo
bestmuscat:hotel:public-park-udhaibah-beach,no_photo
bestmuscat:hotel:strh-lsndy,no_photo
bestmuscat:hotel:hy,no_photo
bestmuscat:hotel:mzr-strh-mjn,no_photo
bestmuscat:hotel:mjls-wdy-llwmy,no_photo
bestmuscat:hotel:mjls-bwshr-l-m,no_photo
bestmuscat:hotel:dwt-tkhyym-wrhlt,missing_address
bestmuscat:hotel:dwt-tkhyym-wrhlt,no_photo
bestmuscat:hotel:ammar-saleh-al-mashari-house,missing_address
bestmuscat:hotel:ammar-saleh-al-mashari-house,no_photo
bestmuscat:hotel:darwish-murad-al-balushi-house,no_photo
bestmuscat:hotel:bibi-hamriya,no_photo
bestmuscat:hotel:mnzl-l-mrt,missing_address
bestmuscat:hotel:mnzl-l-mrt,no_photo
bestmuscat:hotel:nice-spot-for-free-camping,missing_address
bestmuscat:hotel:nice-spot-for-free-camping,no_photo
bestmuscat:hotel:yiti-camping,missing_address
bestmuscat:hotel:yiti-camping,no_photo
bestmuscat:hotel:wild-camp-spot-at-stunning-bay-walk-from-top-or-drive-down-in-4wd-goingthewholeh,missing_address
bestmuscat:hotel:wild-camp-spot-at-stunning-bay-walk-from-top-or-drive-down-in-4wd-goingthewholeh,no_photo
bestmuscat:hotel:miss-zakia-villa,no_photo
bestmuscat:hotel:jabrin-complex,no_photo
bestmuscat:hotel:hitachi-building,no_photo
bestmuscat:hotel:farah-hotel,no_photo
bestmuscat:hotel:nomad-guest-house,no_photo
bestmuscat:hotel:johny-international-hotel,no_photo
bestmuscat:hotel:guoshte-mohammadi,no_photo
bestmuscat:hotel:aywa-guesthouse,no_photo
bestmuscat:hotel:ljm-y-l-mny-llsrtn,no_photo
bestmuscat:hotel:muhammad-lawati,no_photo
bestmuscat:hotel:bousher,no_photo
bestmuscat:hotel:mohammed-site,no_photo
bestmuscat:hotel:shq-shb-hfyz-msqt,no_photo
bestmuscat:hotel:hoom-ahmad,no_photo
bestmuscat:hotel:arkhes-place,no_photo
bestmuscat:hotel:al-khwair-hotel-apartments,no_photo
bestmuscat:hotel:2935,no_photo
bestmuscat:hotel:nr-house,no_photo
bestmuscat:hotel:villa-no-371,no_photo
bestmuscat:hotel:muscat-guest-house,no_photo
bestmuscat:hotel:dorms-of-college-of-sharia-scince,no_photo
bestmuscat:hotel:barney-kruger-en-jodene-se-plek,no_photo
bestmuscat:hotel:dalma-energy-guest-house,no_photo
bestmuscat:hotel:azaiba,no_photo
bestmuscat:hotel:guest-house,no_photo
bestmuscat:hotel:korean-guest-house,no_photo
bestmuscat:hotel:safari-village,no_photo
bestmuscat:hotel:salam-gardens,no_photo
bestmuscat:hotel:byt-mhmd,no_photo
bestmuscat:hotel:pavan-gudhimetla-ranga-relative,no_photo
bestmuscat:hotel:ghorom-sahel,no_photo
bestmuscat:hotel:al-muhallab-ibn-abi-suffrah-mosque,no_photo
bestmuscat:hotel:villa-shams,no_photo
bestmuscat:hotel:taqeer-finance,no_photo
bestmuscat:hotel:new-mumtaz-residence,no_photo
bestmuscat:hotel:hamriya-hotel,no_photo
bestmuscat:hotel:al-hala-apartment,no_photo
bestmuscat:hotel:funduq-shiratun-uman,no_photo
bestmuscat:hotel:al-hadow-hotel,no_photo
bestmuscat:hotel:zubairs-home-muscat,no_photo
bestmuscat:hotel:manzele-soltan-ghabuos,no_photo
bestmuscat:hotel:manam,no_photo
bestmuscat:hotel:sundus-rotana-hotel,no_photo
bestmuscat:hotel:hotel-khalij,no_photo
bestmuscat:hotel:bibi-hamriya,missing_address
bestmuscat:hotel:bibi-hamriya,no_photo
bestmuscat:hotel:wild-camp-spot-by-some-trees-on-yiti-beach-goingthewholehogg,missing_address
bestmuscat:hotel:wild-camp-spot-by-some-trees-on-yiti-beach-goingthewholehogg,no_photo
bestmuscat:hotel:hotel-ziyafe,no_photo
bestmuscat:mall:anza-cold-store,no_photo
bestmuscat:mall:al-asala-house-for-arabic-foods,missing_address
bestmuscat:mall:al-asala-house-for-arabic-foods,no_photo
bestmuscat:mall:lulu-hypermarket-seeb,no_photo
bestmuscat:mall:mabela-fruit-market,no_photo
bestmuscat:mall:noor-shopping,no_photo
bestmuscat:mall:lulu-al-bandar,no_photo
bestmuscat:mall:food-stuff,no_photo
bestmuscat:mall:sale-of-fishes,no_photo
bestmuscat:mall:bread-basket-bakery,no_photo
bestmuscat:mall:marhaba,no_photo
bestmuscat:mall:sale-of-foodstuff,no_photo
bestmuscat:mall:al-marabiya-bakery,no_photo
bestmuscat:mall:mkh-hybr-mrkt,no_photo
bestmuscat:mall:babil-market,no_photo
bestmuscat:mall:making-of-oman-foods,no_photo
bestmuscat:mall:dubai-shopping,no_photo
bestmuscat:mall:aseel-shopping-center,no_photo
bestmuscat:mall:bakery,no_photo
bestmuscat:mall:al-fair-hypermarket,no_photo
bestmuscat:mall:food-stuff,no_photo
bestmuscat:mall:dan,no_photo
bestmuscat:mall:dubai-hypermarket,no_photo
bestmuscat:mall:store,no_photo
bestmuscat:mall:al-barwani-foodstuff,no_photo
bestmuscat:mall:carrefour,no_photo
bestmuscat:mall:dkny,no_photo
bestmuscat:mall:al-fair,no_photo
bestmuscat:mall:swq-zhr-lmrt,no_photo
bestmuscat:mall:zmzm-hybr-mrkt,no_photo
bestmuscat:mall:al-meera,no_photo
bestmuscat:mall:al-bait-al-arabi-bakery,no_photo
bestmuscat:mall:swbr-mrkt,no_photo
bestmuscat:mall:honey-shop,no_photo
bestmuscat:mall:tjyr-lm-dt-lbn,no_photo
bestmuscat:mall:nakheel-supermarket,no_photo
bestmuscat:mall:groceries,no_photo
bestmuscat:mall:al-meera-hypermarket-al-hail,no_photo
bestmuscat:mall:pakistani-bakery,no_photo
bestmuscat:mall:taste-bakery,no_photo
bestmuscat:mall:al-malaweh-shopping,no_photo
bestmuscat:mall:pick-go,no_photo
bestmuscat:mall:spinneys-supermarket,no_photo
bestmuscat:mall:police-welfare-supermarket,no_photo
bestmuscat:mall:bankmuscat-kimji-s-mart,no_photo
bestmuscat:mall:shell-select,no_photo
bestmuscat:mall:mylynywm-hybrmrkt-millenium-hypermarket,no_photo
bestmuscat:mall:natural-stone,no_photo
bestmuscat:mall:small-supermarket,no_photo
bestmuscat:mall:mstwd-t-jybs-gl,no_photo
bestmuscat:mall:sun-logistics,no_photo
bestmuscat:mall:al-fair,no_photo
bestmuscat:mall:llwlw-hybr-mrkt,no_photo
bestmuscat:mall:by-wtrkyb-nzm-lmrqb,no_photo
bestmuscat:mall:tkhym-wrhlt,no_photo
bestmuscat:mall:ramez-shopping-center,no_photo
bestmuscat:mall:qsr-ljml-mwd-tjmyl,no_photo
bestmuscat:mall:by-ldwt-lblstyky,no_photo
bestmuscat:mall:mwd-gdhyy-swbr-mrkt,no_photo
bestmuscat:mall:lyon-hypermarket,no_photo
bestmuscat:mall:mwd-bn,no_photo
bestmuscat:mall:mwd-gdhyy,no_photo
bestmuscat:mall:mwd-gdhyy,no_photo
bestmuscat:mall:alansab-bakery,no_photo
bestmuscat:mall:cloud-nine,no_photo
bestmuscat:mall:brdt-mwd-gdhyy,missing_address
bestmuscat:mall:brdt-mwd-gdhyy,no_photo
bestmuscat:mall:makkah-hypermarket,no_photo
bestmuscat:mall:lulu-hyper-market,no_photo
bestmuscat:mall:trade-sultan-center,no_photo
bestmuscat:mall:supermarket,missing_address
bestmuscat:mall:supermarket,no_photo
bestmuscat:mall:hlyn,no_photo
bestmuscat:mall:noor-supermarket,no_photo
bestmuscat:mall:al-noor-shopping-supermarket,no_photo
bestmuscat:mall:mjn-hybrmrkt-majan-hypermarket,no_photo
bestmuscat:mall:cold-store,no_photo
bestmuscat:mall:oman-fisheries-co,no_photo
bestmuscat:mall:najmath-international-llc,no_photo
bestmuscat:mall:o-mart,no_photo
bestmuscat:mall:millenium-supermarket,no_photo
bestmuscat:mall:noor-hypermarket,no_photo
bestmuscat:mall:noor-shopping,no_photo
bestmuscat:mall:food-stuff,no_photo
bestmuscat:mall:gevin-market,no_photo
bestmuscat:mall:top-up-shop,no_photo
bestmuscat:mall:mirah-mall,no_photo
bestmuscat:mall:lzkwny,no_photo
bestmuscat:mall:spar-express,no_photo
bestmuscat:mall:oasis-trading-equipment-co-llc,no_photo
bestmuscat:mall:muscat-bakery,no_photo
bestmuscat:mall:harvest-island,no_photo
bestmuscat:mall:food-stuff,no_photo
bestmuscat:mall:super-market,no_photo
bestmuscat:mall:millenium-hypermarket,no_photo
bestmuscat:mall:mlnywm-hybr-mrkt,no_photo
bestmuscat:mall:food-stuff,no_photo
bestmuscat:mall:foodstuff,no_photo
bestmuscat:mall:rathath,no_photo
bestmuscat:mall:by-mwd-lbn,no_photo
bestmuscat:mall:san-foods,no_photo
bestmuscat:mall:touba-shopping-center,no_photo
bestmuscat:mall:super-market,no_photo
bestmuscat:mall:vegetables-fruits-fresh-juices-asad-l-mawalah-for-modern-projects,no_photo
bestmuscat:mall:al-maani-shopping,no_photo
bestmuscat:mall:sale-of-foodstuffs,no_photo
bestmuscat:mall:rmz-lltswq,no_photo
bestmuscat:mall:zad,no_photo
bestmuscat:mall:almaya-markets,no_photo
bestmuscat:mall:food-stuff,no_photo
bestmuscat:mall:by-lkmlyt,no_photo
bestmuscat:mall:mars-hypermarket,no_photo
bestmuscat:mall:korean-market,no_photo
bestmuscat:mall:supermarket,no_photo
bestmuscat:mall:carrefour,no_photo
bestmuscat:mall:lulu-hyper-market,no_photo
bestmuscat:mall:mgm,no_photo
bestmuscat:mall:maya-supermarket,no_photo
bestmuscat:mall:cold-store,no_photo
bestmuscat:mall:supermarket,no_photo
bestmuscat:mall:ardh-al-saddah-trading,no_photo
bestmuscat:mall:grill-manual-bakery,no_photo
bestmuscat:mall:lkrm-lltswq,no_photo
bestmuscat:mall:karama-supermarket,no_photo
bestmuscat:mall:k-m-hypermarket,no_photo
bestmuscat:mall:shukran-hyper-market,no_photo
bestmuscat:mall:fast-food-takeaway,no_photo
bestmuscat:mall:cold-store,no_photo
bestmuscat:mall:manual,no_photo
bestmuscat:mall:spar,no_photo
bestmuscat:mall:sale-of-food-stuff,no_photo
bestmuscat:mall:sama-oman,no_photo
bestmuscat:mall:rawasco,no_photo
bestmuscat:mall:mrs-hybr-mrkt,no_photo
bestmuscat:mall:mars-hypermarket,no_photo
bestmuscat:mall:smile-supermarket,no_photo
bestmuscat:mall:al-meera,no_photo
bestmuscat:mall:spar,no_photo
bestmuscat:mall:top-up-shop,no_photo
bestmuscat:mall:sale-of-foodstuff,no_photo
bestmuscat:mall:taste-bakery,no_photo
bestmuscat:mall:top-up-shop,no_photo
bestmuscat:mall:sale-of-food-stuff,no_photo
bestmuscat:mall:mhl-dwt-mnzly,no_photo
bestmuscat:mall:five-oceans-environmental,no_photo
bestmuscat:mall:spar,no_photo
bestmuscat:mall:hlyn,no_photo
bestmuscat:mall:food-stuff,no_photo
bestmuscat:mall:wholesale-of-different-food-products,no_photo
bestmuscat:mall:al-mudhaibi-forts,no_photo
bestmuscat:mall:cold-store-fresh-chicken,no_photo
bestmuscat:mall:bakery,no_photo
bestmuscat:mall:al-fair-supermarket,no_photo
bestmuscat:mall:alfair-supermarket,no_photo
bestmuscat:mall:select,no_photo
bestmuscat:mall:lavanda,no_photo
bestmuscat:mall:la-casa-del-habano,no_photo
bestmuscat:mall:al-habbar-supermarket,no_photo
bestmuscat:mall:carrefour,no_photo
bestmuscat:mall:the-sultan-center,no_photo
bestmuscat:mall:al-fair,no_photo
bestmuscat:mall:sabco,no_photo
bestmuscat:mall:fresh-mart,no_photo
bestmuscat:mall:al-jinan-shopping-centre,no_photo
bestmuscat:mall:ruwi-shopping-centre,no_photo
bestmuscat:mall:al-baraka,no_photo
bestmuscat:mall:al-bassam,no_photo
bestmuscat:mall:rab-al-madeena-shopping,no_photo
bestmuscat:mall:mshry-lnsry-dwt-shy-wkhrbyyh,no_photo
bestmuscat:mall:white-international-trading,no_photo
bestmuscat:mall:ruwi-gift-markets,no_photo
bestmuscat:mall:east-asia-international-trading,no_photo
bestmuscat:mall:spar-express,no_photo
bestmuscat:mall:spar,no_photo
bestmuscat:mall:mrkz-mn-tjry-rwy-ok-centr,no_photo
bestmuscat:mall:blue-fountain-trading,no_photo
bestmuscat:mall:haridas-nensey,no_photo
bestmuscat:mall:k-m-trading,no_photo
bestmuscat:mall:al-adil-cold-stores,no_photo
bestmuscat:mall:spar-khimji,no_photo
bestmuscat:mall:ruwi-muscat,no_photo
bestmuscat:mall:noor-shopping,no_photo
bestmuscat:mall:spar,no_photo
bestmuscat:mall:lulu-hypermarket-wadikabir,no_photo
bestmuscat:mall:sana,no_photo
bestmuscat:mall:al-wadi-gift-market,no_photo
bestmuscat:mall:sunny-shopping-center,no_photo
bestmuscat:mall:nesto-hypermarket,no_photo
bestmuscat:mall:national-insecticides,no_photo
bestmuscat:mall:qt-gyr,no_photo
bestmuscat:mall:manual-bakery,no_photo
bestmuscat:mall:fathima-super-market,no_photo
bestmuscat:mall:fresh-fish-market,no_photo
bestmuscat:mall:al-dassar,no_photo
bestmuscat:mall:muscat-bakery,no_photo
bestmuscat:mall:al-maya-supermarket,no_photo
bestmuscat:mall:gulf-towers-outstanding-food-stuff,no_photo
bestmuscat:mall:sale-of-foodstuff,no_photo
bestmuscat:mall:spar,no_photo
bestmuscat:mall:noor-shopping,no_photo
bestmuscat:mall:abu-ammar-mart,no_photo
bestmuscat:mall:lulu-hypermarket-darsayt,no_photo
bestmuscat:mall:spar,no_photo
bestmuscat:mall:seafood-solutions,no_photo
bestmuscat:mall:nut-shop-the-only-one-in-market,no_photo
bestmuscat:mall:hadhab-bowsher-trad-cont-co-l-l-c,no_photo
bestmuscat:mall:spar,no_photo
bestmuscat:mall:mstlzmt-zyn-lsyrt,no_photo
bestmuscat:mall:fishing-camping-diving-equipment,no_photo
bestmuscat:mall:al-mina-bakery,no_photo
bestmuscat:mall:bamal-bakery,no_photo
bestmuscat:mall:bakery,no_photo
bestmuscat:mall:lrwy,no_photo
bestmuscat:mall:thai-bakery,no_photo
bestmuscat:mall:al-bustan-bakery,no_photo
bestmuscat:mall:manual-bakery,no_photo
bestmuscat:mall:le-petit-paris-oman,no_photo
bestmuscat:mall:express-market,no_photo
bestmuscat:mall:modern-oman-bakery,no_photo
bestmuscat:mall:oman-modern-bakery,missing_address
bestmuscat:mall:oman-modern-bakery,no_photo
bestmuscat:mall:al-athaiba-mall,no_photo
bestmuscat:mall:bagdad-bakery,no_photo
bestmuscat:mall:caramel,no_photo
bestmuscat:mall:lrgyf-lshmy,no_photo
bestmuscat:mall:ramez-shopping,no_photo
bestmuscat:mall:kunafa-ravenna,no_photo
bestmuscat:mall:al-bait-al-arabi-bakery,no_photo
bestmuscat:mall:muscat-bakery,no_photo
bestmuscat:mall:my-bake,no_photo
bestmuscat:mall:khbz-ltnwr,no_photo
bestmuscat:mall:mars-hypermarket-azaiba,no_photo
bestmuscat:mall:bellas-bakery-and-kitchen,no_photo
bestmuscat:mall:al-mas,no_photo
bestmuscat:mall:shoppers,no_photo
bestmuscat:mall:bakery-barbeque,no_photo
bestmuscat:mall:al-karama-hypermarket,no_photo
bestmuscat:mall:ali-doshabeem-garkee,no_photo
bestmuscat:mall:bombay,no_photo
bestmuscat:mall:muscat-bakery,no_photo
bestmuscat:mall:bakery,no_photo
bestmuscat:mall:manual-bakery,no_photo
bestmuscat:mall:shukran-supermarket,missing_address
bestmuscat:mall:shukran-supermarket,no_photo
bestmuscat:mall:central-hypermarket,no_photo
bestmuscat:mall:nesto-hypermarket-al-hail,no_photo
bestmuscat:mall:nsytw-hybr-mrkt,no_photo
bestmuscat:mall:al-hail-hyper-market,no_photo
bestmuscat:mall:brdt-smn,no_photo
bestmuscat:mall:mars-hypermarket,no_photo
bestmuscat:mall:al-meera-supermarket,no_photo
bestmuscat:mall:al-douri-mart,no_photo
bestmuscat:mall:super-market,no_photo
bestmuscat:mall:oasis-mall,no_photo
bestmuscat:mall:al-maya-markets,no_photo
bestmuscat:mall:mars-hypermarket,no_photo
bestmuscat:mall:by-lmwd-lgdhyy,no_photo
bestmuscat:mall:shukran-hypermarket,no_photo
bestmuscat:mall:wholesale-center,no_photo
bestmuscat:mall:al-quastas-national-shopping,no_photo
bestmuscat:mall:ramez-market,no_photo
bestmuscat:mall:wholesale-center,no_photo
bestmuscat:mall:new-emirates-marketing,no_photo
bestmuscat:mall:ramez-fashion,no_photo
bestmuscat:mall:lulu-hypermarket,no_photo
bestmuscat:mall:city-flower-shopping-center,no_photo
bestmuscat:mall:noor-muscat,no_photo
bestmuscat:mall:ghana-al-mawalah-shopping,no_photo
bestmuscat:mall:supermarket,no_photo
bestmuscat:mall:crystal-dram-trading,no_photo
bestmuscat:mall:muscat-cold-stores,no_photo
bestmuscat:mall:golden-baskets-trading,no_photo
bestmuscat:mall:abu-al-raim,no_photo
bestmuscat:mall:al-jabel-al-mudaa,no_photo
bestmuscat:mall:rawabi-food-stuff,no_photo
bestmuscat:mall:naseem-muscat-international,no_photo
bestmuscat:mall:shoppers,no_photo
bestmuscat:mall:markaz-al-bahja-mall,no_photo
bestmuscat:mall:muscat-bakery,no_photo
bestmuscat:mall:manual-bakery,no_photo
bestmuscat:mall:modern-oman-bakery,no_photo
bestmuscat:mall:modern-oman-bakery,no_photo
bestmuscat:mall:bakery,no_photo
bestmuscat:mall:cake-gallery,no_photo
bestmuscat:mall:muscat-bakery,no_photo
bestmuscat:mall:al-aseel,no_photo
bestmuscat:mall:manual,no_photo
bestmuscat:mall:bakery,no_photo
bestmuscat:mall:al-wadi-a-kabir-bakery,no_photo
bestmuscat:mall:manual-bakery,no_photo
bestmuscat:mall:maunal-bakery,no_photo
bestmuscat:mall:al-manjooe-al-watma,no_photo
bestmuscat:mall:manual-bakery-tandoor,no_photo
bestmuscat:mall:al-maisara-bakery-stores,no_photo
bestmuscat:mall:modern-oman-bakery,no_photo
bestmuscat:mall:muscat-bakery,no_photo
bestmuscat:mall:manual-bakery,no_photo
bestmuscat:mall:muscat-bakery-markets,no_photo
bestmuscat:mall:bakery,no_photo
bestmuscat:mall:al-zahra-modern-bakery,no_photo
bestmuscat:mall:bombay,no_photo
bestmuscat:mall:manual,no_photo
bestmuscat:mall:manual-bakery,no_photo
bestmuscat:mall:manual-bakery,no_photo
bestmuscat:mall:muscat-bakery,no_photo
bestmuscat:mall:the-great-kabab-factory,no_photo
bestmuscat:mall:hardee-s,no_photo
bestmuscat:mall:groceries-store,no_photo
bestmuscat:mall:al-marasim-shopping,no_photo
bestmuscat:mall:cold-store,no_photo
bestmuscat:mall:sultan-centre,no_photo
